"Iteracion,Lower_Bound,Upper_Bound,Gap"
"1",302376.2000,11003940.0000,35.391555
"2",2689840.9230,8686529.8120,2.229384
"3",7923887.5896,8686529.8120,0.096246
"4",16298362.2562,8686529.8120,-0.467031
