"Iteracion,Lower_Bound,Upper_Bound,Gap"
"1",273758.6000,10050020.0000,35.711249
"2",2686708.1284,8060409.2508,2.000106
"3",7911167.4549,8060409.2508,0.018865
"4",16270302.3774,8060409.2508,-0.504594
