"Iteracion,Lower_Bound,Upper_Bound,Gap"
"1",276644.0000,10146200.0000,35.676017
"2",2324159.4311,7925064.4116,2.409863
"3",7145596.4429,7925064.4116,0.109084
"4",14859895.6616,7925064.4116,-0.466681
