"Iteracion,Lower_Bound,Upper_Bound,Gap"
"1",212121.2000,7995440.0000,36.692791
"2",2202207.4572,6400506.8091,1.906405
"3",6649907.8461,6400506.8091,-0.037504
