"Iteracion,Lower_Bound,Upper_Bound,Gap"
"1",294314.6000,10735220.0000,35.475323
"2",2782986.0370,8593490.4231,2.087867
"3",8184203.4053,8593490.4231,0.050009
"4",16826151.1947,8593490.4231,-0.489278
