"Iteracion,Lower_Bound,Upper_Bound,Gap"
"1",290242.4000,10599480.0000,35.519406
"2",2591860.7986,8403366.3517,2.242214
"3",7778977.4667,8403366.3517,0.080266
"4",16078364.1357,8403366.3517,-0.477349
