"Iteracion,Lower_Bound,Upper_Bound,Gap"
"1",232776.8000,8683960.0000,36.305951
"2",2635518.6759,7121865.2548,1.702263
"3",7561430.7285,7121865.2548,-0.058133
