"Iteracion,Lower_Bound,Upper_Bound,Gap"
"1",268071.8000,9860460.0000,35.782907
"2",2256863.7527,7685131.1870,2.405226
"3",6979043.2922,7685131.1870,0.101173
"4",14534530.5553,7685131.1870,-0.471250
