"Iteracion,Lower_Bound,Upper_Bound,Gap"
"1",305969.0000,11123700.0000,35.355644
"2",2884538.6156,8913242.6989,2.090006
"3",8417276.1656,8913242.6989,0.058922
"4",17269656.2456,8913242.6989,-0.483878
