"Iteracion,Lower_Bound,Upper_Bound,Gap"
"1",268365.2000,9870240.0000,35.779135
"2",2318685.5923,7739037.0854,2.337683
"3",7139614.6965,7739037.0854,0.083957
"4",14853101.2632,7739037.0854,-0.478962
