"Iteracion,Lower_Bound,Upper_Bound,Gap"
"1",267110.0000,9828400.0000,35.795328
"2",2078657.9849,7575765.2745,2.644546
"3",6592753.6111,7575765.2745,0.149105
"4",13815306.6130,7575765.2745,-0.451640
