"Iteracion,Lower_Bound,Upper_Bound,Gap"
"1",259567.4000,9576980.0000,35.895928
"2",2122615.7140,7420381.4793,2.495867
"3",6687816.2549,7420381.4793,0.109537
"4",13992137.1202,7420381.4793,-0.469675
