"Iteracion,Lower_Bound,Upper_Bound,Gap"
"1",278076.2000,10193940.0000,35.658801
"2",2445085.4130,8038122.4923,2.287461
"3",7436583.1654,8038122.4923,0.080889
"4",15422979.5693,8038122.4923,-0.478822
