"Iteracion,Lower_Bound,Upper_Bound,Gap"
"1",230949.2000,8623040.0000,36.337388
"2",2521606.0013,6987859.3486,1.771194
"3",7318793.9929,6987859.3486,-0.045217
