"Iteracion,Lower_Bound,Upper_Bound,Gap"
"1",257224.4000,9498880.0000,35.928378
"2",2126734.8333,7366806.5385,2.463905
"3",6689951.8101,7366806.5385,0.101175
"4",13991098.9731,7366806.5385,-0.473465
