"Iteracion,Lower_Bound,Upper_Bound,Gap"
"1",198434.6000,7539220.0000,36.993475
"2",1863475.1579,5879199.8630,2.154966
"3",5939860.3349,5879199.8630,-0.010212
