"Iteracion,Lower_Bound,Upper_Bound,Gap"
"1",235487.6000,8774320.0000,36.260221
"2",2473184.0455,7077099.9733,1.861534
"3",7295974.4888,7077099.9733,-0.029999
