"Iteracion,Lower_Bound,Upper_Bound,Gap"
"1",239400.2000,8904740.0000,36.196042
"2",2737457.4256,7332771.6957,1.678680
"3",7797028.8635,7332771.6957,-0.059543
