"Iteracion,Lower_Bound,Upper_Bound,Gap"
"1",217147.4000,8162980.0000,36.591885
"2",2319961.1841,6584337.4155,1.838124
"3",6892695.4452,6584337.4155,-0.044737
