"Iteracion,Lower_Bound,Upper_Bound,Gap"
"1",253539.8000,9376060.0000,35.980624
"2",2595396.6597,7542308.8961,1.906033
"3",7622229.3179,7542308.8961,-0.010485
