"Iteracion,Lower_Bound,Upper_Bound,Gap"
"1",298776.8000,10883960.0000,35.428397
"2",2826609.1360,8706651.7323,2.080246
"3",8260963.5782,8706651.7323,0.053951
"4",16955930.6857,8706651.7323,-0.486513
