"Iteracion,Lower_Bound,Upper_Bound,Gap"
"1",239118.2000,8895340.0000,36.200598
"2",2620998.8542,7246754.1032,1.764883
"3",7583625.7047,7246754.1032,-0.044421
