"Iteracion,Lower_Bound,Upper_Bound,Gap"
"1",209706.8000,7914960.0000,36.742982
"2",1837514.6151,6104546.5621,2.322176
"3",5938735.4469,6104546.5621,0.027920
"4",12500688.7778,6104546.5621,-0.511663
