"Iteracion,Lower_Bound,Upper_Bound,Gap"
"1",237284.6000,8834220.0000,36.230482
"2",2712722.9079,7261137.3501,1.676697
"3",7722634.2425,7261137.3501,-0.059759
