"Iteracion,Lower_Bound,Upper_Bound,Gap"
"1",226550.0000,8476400.0000,36.415140
"2",2542502.2376,6931511.3580,1.726256
"3",7353896.7654,6931511.3580,-0.057437
