"Iteracion,Lower_Bound,Upper_Bound,Gap"
"1",248174.6000,9197220.0000,36.059473
"2",2309759.7361,7258069.0361,2.142348
"3",7041214.1561,7258069.0361,0.030798
"4",14611541.2281,7258069.0361,-0.503265
