"Iteracion,Lower_Bound,Upper_Bound,Gap"
"1",254964.2000,9423540.0000,35.960248
"2",2066946.7430,7241157.6970,2.503311
"3",6490880.1706,7241157.6970,0.115589
"4",13569173.6548,7241157.6970,-0.466352
