"Iteracion,Lower_Bound,Upper_Bound,Gap"
"1",221496.8000,8307960.0000,36.508262
"2",2251190.6605,6625323.2065,1.943031
"3",6788551.1329,6625323.2065,-0.024045
