"Iteracion,Lower_Bound,Upper_Bound,Gap"
"1",249264.8000,9233560.0000,36.043177
"2",1994563.9791,7095999.6411,2.557670
"3",6370142.5819,7095999.6411,0.113947
"4",13371068.3463,7095999.6411,-0.469302
