"Iteracion,Lower_Bound,Upper_Bound,Gap"
"1",273281.6000,10034120.0000,35.717145
"2",2283858.9891,7833268.5714,2.429839
"3",7066633.2397,7833268.5714,0.108487
"4",14719072.0406,7833268.5714,-0.467815
