"Iteracion,Lower_Bound,Upper_Bound,Gap"
"1",166313.0000,10649100.0000,63.030473
"2",3938095.3353,10431602.0000,1.648895
"3",9542279.6214,10431602.0000,0.093198
"4",18135826.8082,10431602.0000,-0.424807
