"Iteracion,Lower_Bound,Upper_Bound,Gap"
"1",10790.0000,634340.0000,57.789620
"2",274627.1771,634340.0000,1.309822
"3",726971.5660,634340.0000,-0.127421
